Position,Participant name,Events,"City, State",Gender,USTA RANKING,UTR,WTN,SECTION,PT USTA RANKING,PT UTR,PT WTN,J - F,| K - G |,K - G,| L - H |,L - H,2026 May WTN,WTN Confidence,2026 May UTR,UTR Notes,College,Conference,HS Grad Class,TRN 9,TRN 10,TRN 11,TRN 12
135,"REGALIA, Stefan","Boys' 18 & under Singles,  Boys' 18 & under Doubles","Arlington, VA",M,205,11.7,11.14,MA,214,11.71,11.07,9,0.01,0.01,0.07,-0.07,11.99,m,11.79,4%,University of Virginia,Atlantic Coast Conference (ACC),2023,58,38,31,54
124,"GU, Jonathan","Boys' 18 & under Singles,  Boys' 18 & under Doubles","Princeton, NJ",M,150,10.69,14.1,MS,162,10.84,14.11,12,0.15,0.15,0.01,0.01,19.02,m,9.73,4%,Carnegie Mellon University,University Athletic Association (UAA),2023,162,156,140,117
137,"LEUNG, Spencer","Boys' 18 & under Singles,  Boys' 18 & under Doubles","Belvedere Tiburon, CA",M,188,10.64,15.69,NC,196,10.61,15.83,8,0.03,-0.03,0.14,0.14,17.99,m,6.83,4%,Amherst College,NESCAC,2023,351,266,144,156
148,"SHI, Albert","Boys' 18 & under Singles,  Boys' 18 & under Doubles","San Francisco, CA",M,194,10.1,17.42,NC,204,10.27,17.03,10,0.17,0.17,0.39,-0.39,17.49,l,9.34,4%,No Tennis,*No conference*,2022,295,319,219,196
23,"DEVAIAH, Jayanth","Boys' 18 & under Singles,  Boys' 18 & under Doubles","Chestnut Hill, MA",M,25,11.8,9.74,NE,28,11.81,10.42,3,0.01,0.01,0.68,0.68,11.96,m,11.45,4%,University of Notre Dame,Atlantic Coast Conference (ACC),2023,38,36,34,26
198,"KRUSLING, Mathew","Boys' 18 & under Singles,  Boys' 18 & under Doubles","Lexington, SC",M,304,10.81,13.87,S,310,10.86,14.1,6,0.05,0.05,0.23,0.23,17.13,m,9.86,16%,No College; No Tennis,*No conference*,2024,36,42,63,150
90,"ZHANG, Robert","Boys' 18 & under Singles,  Boys' 18 & under Doubles","Lakewood Ranch, FL",M,100,11.54,11.84,FL,111,11.5,11.9,11,0.04,-0.04,0.06,0.06,19.03,m,10.06,35%,University of Chicago,University Athletic Association (UAA),2023,35,52,63,61
41,"BARBER, Xander","Boys' 18 & under Singles,  Boys' 18 & under Doubles","Falmouth, ME",M,54,11.21,12.11,S,27,11.32,11.2,-27,0.11,0.11,0.91,-0.91,11.76,m,10.73,36%,Dartmouth College,Ivy League,2023,82,106,53,30
63,"QADIR, Waleed","Boys' 18 & under Singles,  Boys' 18 & under Doubles","Greenville, NC",M,35,11.99,9.21,S,46,11.91,9.7,11,0.08,-0.08,0.49,0.49,12.27,m,12.36,36%,Dartmouth College,Ivy League,2022,33,47,25,36
106,"JACQUES, Parker","Boys' 18 & under Singles,  Boys' 18 & under Doubles","Huntsville, AL",M,106,11.2,12.09,S,123,11.24,12,17,0.04,0.04,0.09,-0.09,13.65,m,11.67,36%,University of Georgia,Southeastern Conference (SEC),2022,181,112,103,97
71,"SINHA, Adit","Boys' 18 & under Singles,  Boys' 18 & under Doubles","North Brunswick, NJ",M,313,12.43,1,E,353,12.5,1,40,0.07,0.07,0,0,5.12,,13.68,64%,Cornell University,Ivy League,2021,47,22,16,13
215,"PIACENTINI, Luc","Boys' 18 & under Singles,  Boys' 18 & under Doubles","Boston, MA",M,286,9.69,18.08,NE,323,9.66,18.04,37,0.03,-0.03,0.04,-0.04,17.78,m,10.2,64%,Boston College,Atlantic Coast Conference (ACC),2023,89,136,233,335
144,"EDWARDS, Evan","Boys' 18 & under Singles,  Boys' 18 & under Doubles","Fayetteville, AR",M,215,10.68,13.89,S,225,10.82,13.81,10,0.14,0.14,0.08,-0.08,17.18,m,9.88,64%,University of Louisiana; Radford University,Sun Belt Conference; Big South Conference,2022,439,311,176,127
168,"DINKOV, Alex","Boys' 18 & under Singles,  Boys' 18 & under Doubles","Portland, OR",M,225,10.48,15.72,PNW,230,10.46,15.8,5,0.02,-0.02,0.08,0.08,16.79,l,10.14,2023 August,Eastern Illinois University,Ohio Valley Conference (OVC),2022,252,312,237,150
58,"MEIER, Andrew","Boys' 18 & under Singles,  Boys' 18 & under Doubles","Fort Wayne, IN",M,81,11.43,11.91,MW,90,11.32,12.7,9,0.11,-0.11,0.79,0.79,16.19,l,9.77,2023 November,Indiana University,Big Ten Conference,2022,217,109,85,77
45,"MAHESH, Aathreya","Boys' 18 & under Singles,  Boys' 18 & under Doubles","Waxhaw, NC",M,59,11.07,12,S,67,11.11,11.54,8,0.04,0.04,0.46,-0.46,12.92,l,11.26,2024 January,James Madison University,Sun Belt Conference,2022,164,176,128,89
172,"YI, Justin",Boys' 18 & under Singles,"Wynnewood, PA",M,234,9.91,16.04,MS,206,9.93,15.8,-28,0.02,0.02,0.24,-0.24,19.71,l,9.59,2024 June,Carnegie Mellon University,University Athletic Association (UAA),2023,372,260,186,136
176,"APPLEGATE, Dylan","Boys' 18 & under Singles,  Boys' 18 & under Doubles","Park City, UT",M,325,11.1,11.56,IM,334,10.99,12.24,9,0.11,-0.11,0.68,0.68,14.52,m,11.32,2024 December,v  ,Big 12 Conference,2022,96,136,112,114
34,"SWITZER, Ty","Boys' 18 & under Singles,  Boys' 18 & under Doubles","New York, NY",M,38,11.87,10.36,E,42,11.87,10.3,4,0,0,0.06,-0.06,12.97,m,11.53,2025 January,University of Virginia,Atlantic Coast Conference (ACC),2022,30,37,144,35
79,"DELL, Phillip","Boys' 18 & under Singles,  Boys' 18 & under Doubles","Bradenton, FL",M,97,11.14,13.07,FL,121,11.19,13.03,24,0.05,0.05,0.04,-0.04,15.94,l,10.77,2025 January,United States Air Force Academy,Mountain West Conference,2023,34,62,65,99
80,"STERIN, Alexander","Boys' 18 & under Singles,  Boys' 18 & under Doubles","Richboro, PA",M,104,10.93,13.36,MS,89,11.06,12.91,-15,0.13,0.13,0.45,-0.45,14.76,m,10.86,2025 January,Penn State University,Big Ten Conference,2023,63,122,89,90
151,"CALDWELL, Jackson","Boys' 18 & under Singles,  Boys' 18 & under Doubles","Lake Placid, FL",M,187,11.84,10.44,FL,165,11.93,9.77,-22,0.09,0.09,0.67,-0.67,14.81,,11.58,2025 March,Northwestern University,Big Ten Conference,2023,128,100,30,25
133,"HONG, Jayho","Boys' 18 & under Singles,  Boys' 18 & under Doubles","Maple Grove, MN",M,171,10.5,14.67,N,180,10.55,14,9,0.05,0.05,0.67,-0.67,16.82,m,10.7,2025 March,University of North Dakota,Summit League,2022,429,306,195,166
103,"HEALEY, Chase","Boys' 18 & under Singles,  Boys' 18 & under Doubles","Saint Augustine, FL",M,127,11.45,12.79,FL,141,11.37,12.73,14,0.08,-0.08,0.06,-0.06,13.49,m,11.73,2025 April,University of North Florida,ASUN Conference,2023,142,61,71,75
193,"ABADIR, Nile","Boys' 18 & under Singles,  Boys' 18 & under Doubles","Lancaster, PA",M,298,10.01,16.91,MS,283,9.92,16.45,-15,0.09,-0.09,0.46,-0.46,19.26,l,9.74,2025 April,Unknown,*No conference*,2023,133,122,148,252
87,"DAL BONI, Leonardo","Boys' 18 & under Singles,  Boys' 18 & under Doubles","Sarasota, FL",M,95,11.66,11.85,FL,43,11.88,10.27,-52,0.22,0.22,1.58,-1.58,9.87,m,12.31,2025 May,"Furman University, University of Miami",Southern Conference (SoCon); Atlantic Coast Conference (ACC),2023,72,67,47,48
4,"ZHENG, Michael","Boys' 18 & under Singles,  Boys' 18 & under Doubles","Montville, NJ",M,9,13.64,1,E,5,13.69,1,-4,0.05,0.05,0,0,pro ???,,14.57,,Columbia University,Ivy League,2022,10,5,1,3
19,"SHULER, Jason","Boys' 18 & under Singles,  Boys' 18 & under Doubles","Scarsdale, NY",M,24,11.76,10.58,E,25,11.72,10.6,1,0.04,-0.04,0.02,0.02,10.6,,12.87,,"Williams College, Yale University",NESCAC; Ivy League,2022 (entered 2024),109,69,54,41
35,"LIAN, James","Boys' 18 & under Singles,  Boys' 18 & under Doubles","Parsippany, NJ",M,40,11.62,10.93,E,36,11.66,10.71,-4,0.04,0.04,0.22,-0.22,13.56,,11.54,,Brown University,Ivy League,2023,12,27,36,40
36,"SEC, Sebastian","Boys' 18 & under Singles,  Boys' 18 & under Doubles","New York, NY",M,71,12.76,6.88,E,128,12.61,7.4,57,0.15,-0.15,0.52,0.52,14.12,m,13.03,,Princeton University,Ivy League,2022,29,21,14,11
49,"GERSHFELD, Stephan","Boys' 18 & under Singles,  Boys' 18 & under Doubles","Hewlett, NY",M,65,11.41,12.2,E,69,11.49,11.84,4,0.08,0.08,0.36,-0.36,14.17,m,12.05,,University of Pennsylvania,Ivy League,2024,14,15,15,9
67,"WEN, Evan","Boys' 18 & under Singles,  Boys' 18 & under Doubles","Morristown, NJ",M,76,12.23,8.95,E,52,12.29,7.8,-24,0.06,0.06,1.15,-1.15,11.33,,12.23,,Princeton University,Ivy League,2022,9,9,21,18
81,"STEIGLEHNER, Nicholas","Boys' 18 & under Singles,  Boys' 18 & under Doubles","New York, NY",M,153,11.97,10.23,E,116,11.89,9.7,-37,0.08,-0.08,0.53,-0.53,10.35,,12.64,,University of Michigan,Big Ten Conference,2022,71,43,25,23
84,"WILLIAMS, Cooper","Boys' 18 & under Singles,  Boys' 18 & under Doubles","lake worth,FL",M,146,12.89,1,E,102,12.93,1,-44,0.04,0.04,0,0,5.08,,13.71,,"Harvard University, Duke University",Ivy League; Atlantic Coast Conference (ACC),2023,9,7,4,4
93,"BOJKOVIC, Adam","Boys' 18 & under Singles,  Boys' 18 & under Doubles","Randolph, NJ",M,147,11.43,12.22,E,91,11.53,12.01,-56,0.1,0.1,0.21,-0.21,12.2,m,11.99,,University of Tulsa,American Athletic Conference (AAC),2024,14,15,21,55
109,"MAES, Sacha","Boys' 18 & under Singles,  Boys' 18 & under Doubles","New York, NY",M,135,11.02,13.39,E,152,11.06,13.45,17,0.04,0.04,0.06,0.06,15.26,,11.66,,Tufts University,NESCAC,2022,84,47,57,105
115,"MANDELBAUM, Joshua","Boys' 18 & under Singles,  Boys' 18 & under Doubles","Livingston, NJ",M,140,11.24,12.89,E,156,11.23,12.67,16,0.01,-0.01,0.22,-0.22,17.94,,11.15,,Rice University,American Athletic Conference (AAC),2024,71,44,48,81
119,"WU, Julian","Boys' 18 & under Singles,  Boys' 18 & under Doubles","Tenafly, NJ",M,169,11.16,11.35,E,184,11.2,12.5,15,0.04,0.04,1.15,1.15,13.53,,12.04,,Middlebury College,NESCAC,2022,123,105,98,101
121,"ANEY, Alexander","Boys' 18 & under Singles,  Boys' 18 & under Doubles","New York, NY",M,89,12.14,9.14,E,105,12.12,9.48,16,0.02,-0.02,0.34,0.34,13.03,,12.25,,"University of California, Berkeley",Atlantic Coast Conference (ACC),2022,104,53,33,30
125,"ZABELO, Andrew","Boys' 18 & under Singles,  Boys' 18 & under Doubles","Florham Park, NJ",M,152,10.7,14.31,E,166,10.82,14.12,14,0.12,0.12,0.19,-0.19,16.31,,11.34,,California Institute of Technology,SCIAC,2022,120,181,157,144
126,"GRANTCHAROV, Emil","Boys' 18 & under Singles,  Boys' 18 & under Doubles","New Rochelle, NY",M,173,10.94,12.89,E,155,11.24,11.6,-18,0.3,0.3,1.29,-1.29,13.58,,11.94,,University of Chicago,University Athletic Association (UAA),2022,137,82,69,69
134,"VYAS, Aditya","Boys' 18 & under Singles,  Boys' 18 & under Doubles","Mount Vernon, NY",M,174,10.71,15.5,E,182,10.75,15.24,8,0.04,0.04,0.26,-0.26,15.74,,11.55,,Wake Forest University,Atlantic Coast Conference (ACC),2024,96,81,88,89
156,"KRASNER, David","Boys' 18 & under Singles,  Boys' 18 & under Doubles","Staten Island, NY",M,208,11.49,12.3,E,208,11.56,11.98,0,0.07,0.07,0.32,-0.32,10.92,,12.73,,"Wagner College, Jacksonville State University",Northeast Conference (NEC); Conference USA (CUSA),2022,?,,,
160,"BANERJEE, Samir","Boys' 18 & under Singles,  Boys' 18 & under Doubles","Basking Ridge, NJ",M,210,13.34,1,E,271,13.36,1,61,0.02,0.02,0,0,pro ???,,13.91,,Stanford University,Atlantic Coast Conference (ACC),2022,4,3,2,1
166,"CERASUOLO, Giuseppe","Boys' 18 & under Singles,  Boys' 18 & under Doubles","Bayside, NY",M,163,10.86,13.4,E,174,10.92,13.51,11,0.06,0.06,0.11,0.11,10.18,,12.81,,"Vanderbilt University, University of Notre Dame",Southeastern Conference (SEC); Atlantic Coast Conference (ACC),2024,90,76,34,30
217,"ATKINSON, Dylan","Boys' 18 & under Singles,  Boys' 18 & under Doubles","Old Greenwich, CT",M,237,10.8,14.85,E,237,10.84,14.72,0,0.04,0.04,0.13,-0.13,14.46,,11.51,,University of Richmond,Atlantic 10 Conference (A-10),2023,310,216,114,90
224,"NIKOLOVSKI, Ivan","Boys' 18 & under Singles,  Boys' 18 & under Doubles","Alpine, NJ",M,295,10.11,16.59,E,304,10.11,17.6,9,0,0,1.01,1.01,19.8,,10.59,,Trinity University,Southern Collegiate Athletic Conference (SCAC),2023,135,185,211,280
21,"KUZUHARA, Bruno","Boys' 18 & under Singles,  Boys' 18 & under Doubles","Coconut Creek, FL",M,22,13.88,1,FL,34,13.88,1,12,0,0,0,0,4.9,,13.62,,Professional,*No conference*,2022,4,4,1,1
29,"CHANG, Dylan",Boys' 18 & under Singles,"Miami, FL",M,26,11.81,10.18,FL,31,11.81,10,5,0,0,0.18,-0.18,13.69,m,11.95,,Wake Forest University,Atlantic Coast Conference (ACC),2023,71,39,36,36
61,"LYONS, Justin","Boys' 18 & under Singles,  Boys' 18 & under Doubles","Pensacola, FL",M,39,11.87,9.16,FL,45,11.94,9.2,6,0.07,0.07,0.04,0.04,11.66,,12.68,,Florida State University,Atlantic Coast Conference (ACC),2023,41,41,27,14
83,"PARICHKOV, Nikola","Boys' 18 & under Singles,  Boys' 18 & under Doubles","Tampa, FL",M,105,11.08,14.15,FL,95,11.1,14.1,-10,0.02,0.02,0.05,-0.05,13.89,,11.86,,"Wake Forest University, Elon University",Atlantic Coast Conference (ACC); Coastal Athletic Association (CAA),2024,255,220,108,79
88,"LEAIRD, Tyler","Boys' 18 & under Singles,  Boys' 18 & under Doubles","Ocala, FL",M,130,11.01,14.1,FL,144,11.07,13.81,14,0.06,0.06,0.29,-0.29,16.19,l,11.41,,United States Air Force Academy,Mountain West Conference,2023,123,114,111,116
113,"POVEY, Tanner","Boys' 18 & under Singles,  Boys' 18 & under Doubles","Indian Rocks Beach, FL",M,125,11.64,11.01,FL,117,11.69,10.9,-8,0.05,0.05,0.11,-0.11,11.96,,12.27,,"Arizona State University, Florida Gulf Coast University",Big Ten Conference; ASUN Conference,2024,8,13,23,22
163,"ANTHROP, Jack","Boys' 18 & under Singles,  Boys' 18 & under Doubles","Orlando, FL",M,216,13.38,1,FL,146,13.33,1,-70,0.05,-0.05,0,0,6.45,,13.71,,Ohio State University,Big Ten Conference,2022,3,2,2,1
164,"THORAT, Abhishek","Boys' 18 & under Singles,  Boys' 18 & under Doubles,  Boys' 16 & under Singles,  Boys' 16 & under Doubles","Wesley Chapel, FL",M,219,11.75,11.19,FL,202,11.49,11.56,-17,0.26,-0.26,0.37,0.37,9.66,,12.91,,Columbia University,Ivy League,2025,6,6,14,6
174,"EKSTRAND, Alexander","Boys' 18 & under Singles,  Boys' 18 & under Doubles","Delray Beach, FL",M,262,12.01,12.71,FL,210,11.98,12.32,-52,0.03,-0.03,0.39,-0.39,13.43,,11.74,,"Purdue University, University of Chicago",Big Ten Conference; University Athletic Association (UAA),2023,228,74,46,25
200,"RAUT, Ninad","Boys' 18 & under Singles,  Boys' 18 & under Doubles","Wesley Chapel, FL",M,328,11.09,13.58,FL,303,11.12,13.48,-25,0.03,0.03,0.1,-0.1,15.24,,11.02,,"Florida Gulf Coast University, Longwood University",ASUN Conference; Big South Conference,2023,167,93,73,69
204,"DAMM, Martin","Boys' 18 & under Singles,  Boys' 18 & under Doubles","Bradenton, FL",M,587,14.09,1,FL,251,14.03,1,-336,0.06,-0.06,0,0,pro  ???,,14.9,,,,2022,1,1,nr,nr
210,"BRASWELL, Jonah","Boys' 18 & under Singles,  Boys' 18 & under Doubles","Sarasota, FL",M,52,12.65,6.84,FL,33,12.55,7.18,-19,0.1,-0.1,0.34,0.34,8.3,,13.2,,University of Florida; University of Texas at Austin,Southeastern Conference (SEC); Southeastern Conference (SEC),2022,15,15,12,15
211,"DARYABEIGI, Sean","Boys' 18 & under Singles,  Boys' 18 & under Doubles","Delray Beach, FL",M,402,12.79,6.88,FL,294,12.82,6.29,-108,0.03,0.03,0.59,-0.59,7.59,,13.38,,University of South Carolina,Southeastern Conference (SEC),2023,6,2,4,2
52,"AJED, Andre","Boys' 18 & under Singles,  Boys' 18 & under Doubles","Honolulu, HI",M,75,10.81,14.71,HP,65,10.82,14.69,-10,0.01,0.01,0.02,-0.02,16.85,,10.89,,Binghamton University,Northeast Conference (NEC),2023,83,4,127,106
170,"JIM ON, Payton","Boys' 18 & under Singles,  Boys' 18 & under Doubles","Honolulu, HI",M,190,10.85,15.61,HP,151,10.79,15.33,-39,0.06,-0.06,0.28,-0.28,14.75,,11.79,,Santa Clara University; Boston University,West Coast Conference (WCC); Patriot League,2024,58,94,77,85
30,"HASLER, Caden","Boys' 18 & under Singles,  Boys' 18 & under Doubles","American Fork, UT",M,34,11.4,11.43,IM,30,11.4,11.58,-4,0,0,0.15,0.15,12.81,,12.46,,Brigham Young University,Big 12 Conference,2023,64,65,51,55
57,"JAMISON, Nico","Boys' 18 & under Singles,  Boys' 18 & under Doubles","Greeley, CO",M,80,11.43,12.71,IM,100,11.44,13.02,20,0.01,0.01,0.31,0.31,14.45,,11.64,,Cleveland State University,Horizon League,2023,42,38,48,83
91,"BRASHEAR, Cole","Boys' 18 & under Singles,  Boys' 18 & under Doubles","Las Vegas, NV",M,114,10.84,13.6,IM,109,10.87,13.45,-5,0.03,0.03,0.15,-0.15,14.6,,11.88,,University of Richmond,Atlantic 10 Conference (A-10),2023,130,88,88,63
129,"GREEN, Ethan","Boys' 18 & under Singles,  Boys' 18 & under Doubles","Salt Lake City, UT",M,158,11.05,12.08,IM,170,11.13,12.4,12,0.08,0.08,0.32,0.32,14.01,,11.58,,Denison University,North Coast Athletic Conference (NCAC),2022,385,374,114,89
180,"KRUEP, Cameron","Boys' 18 & under Singles,  Boys' 18 & under Doubles","Denver, CO",M,247,10.42,15.01,IM,258,10.46,15.36,11,0.04,0.04,0.35,0.35,18.65,,10.9,,Villanova University,Big East Conference,2023,169,124,149,140
221,"SURESH, Lalith","Boys' 18 & under Singles,  Boys' 18 & under Doubles","Lehi, UT",M,274,10.31,15,IM,402,10.38,15.06,128,0.07,0.07,0.06,0.06,18.3,,10.66,,Swarthmore College,Centennial Conference,2022,364,335,231,176
3,"COLBY, Ryan","Boys' 18 & under Singles,  Boys' 18 & under Doubles","Alexandria, VA",M,18,13.18,5.16,MA,16,13.1,4.03,-2,0.08,-0.08,1.13,-1.13,7.23,,13.49,,University of Southern California; University of Georgia,Big Ten Conference; Southeastern Conference (SEC),2022,28,14,8,1
70,"WILEY, Davis","Boys' 18 & under Singles,  Boys' 18 & under Doubles","Arlington, VA",M,86,11.18,11.87,MA,61,11.09,12.18,-25,0.09,-0.09,0.31,0.31,11.48,,12.6,,University of Richmond,Atlantic 10 Conference (A-10),2022,475,220,136,93
130,"SIMUNYOLA, Niza","Boys' 18 & under Singles,  Boys' 18 & under Doubles","Lorton, VA",M,160,11.02,13.29,MA,138,11.03,13.32,-22,0.01,0.01,0.03,0.03,16.26,,11.39,,George Mason University,Atlantic 10 Conference (A-10),2021,731,892,488,305
131,"ROBINS, Mason","Boys' 18 & under Singles,  Boys' 18 & under Doubles","Riverdale, MD",M,164,10.63,13.99,MA,175,10.63,14.5,11,0,0,0.51,0.51,13.89,,11.88,,University of Delaware,Conference USA (CUSA),2023,222,206,125,125
141,"LEE, Harrison","Boys' 18 & under Singles,  Boys' 18 & under Doubles","Virginia Beach, VA",M,184,9.75,17.16,MA,173,9.75,17.8,-11,0,0,0.64,0.64,16.47,,11.79,,James Madison University,Sun Belt Conference,2023,174,167,169,173
142,"BIGUN, Meecah","Boys' 18 & under Singles,  Boys' 18 & under Doubles","College Park, MD",M,227,12.3,8.27,MA,201,12.37,8.17,-26,0.07,0.07,0.1,-0.1,14.26,m,11.92,,Princeton University,Ivy League,2024,2,2,7,15
145,"BHAT, Rohan","Boys' 18 & under Singles,  Boys' 18 & under Doubles","Boyds, MD",M,192,10.72,14.18,MA,200,10.72,15.1,8,0,0,0.92,0.92,18.15,,10.8,,Case Western Reserve University,University Athletic Association (UAA),2022,306,227,225,151
202,"BIGUN, Kaylan","Boys' 18 & under Singles,  Boys' 18 & under Doubles","College Park, MD",M,525,12.45,8.8,MA,399,12.46,8.96,-126,0.01,0.01,0.16,0.16,7.89,,13.27,,"University of California, Los Angeles",Big Ten Conference,2024,5,3,1,1
222,"WILLENBORG, Asher","Boys' 18 & under Singles,  Boys' 18 & under Doubles","Fork, MD",M,272,10.85,13.97,MA,242,11.06,12.78,-30,0.21,0.21,1.19,-1.19,13.95,,11.96,,Flagler College; University of Mary Washington,Peach Belt Conference; Coast-to-Coast Athletic Conference (C2C),2023,126,116,109,90
225,"LEWIS, Noah","Boys' 18 & under Singles,  Boys' 18 & under Doubles","Gaithersburg, MD",M,284,10.42,15.63,MA,290,10.43,15.66,6,0.01,0.01,0.03,0.03,17.28,,11.29,,Middlebury College,NESCAC,2023,148,131,151,148
54,"LI, Eric","Boys' 18 & under Singles,  Boys' 18 & under Doubles","Skillman, NJ",M,88,12.01,10.02,MS,108,11.96,9.9,20,0.05,-0.05,0.12,-0.12,11.3,,12.63,,Yale University,Ivy League,2022,40,22,26,21
74,"JACOME, Alejandro","Boys' 18 & under Singles,  Boys' 18 & under Doubles","Lawrence Township, NJ",M,116,12.03,9.76,MS,122,12.11,9.15,6,0.08,0.08,0.61,-0.61,11.95,,12.53,,Wichita State University,American Athletic Conference (AAC),2021,218,136,42,85
48,"LOKKO, Russell","Boys' 18 & under Singles,  Boys' 18 & under Doubles","Leawood, KS",M,63,11.43,11.43,MV,62,11.36,12.15,-1,0.07,-0.07,0.72,0.72,13.05,,12.21,,University of Louisville,Atlantic Coast Conference (ACC),2023,92,87,69,72
66,"SKINNER, Creed","Boys' 18 & under Singles,  Boys' 18 & under Doubles","Edmond, OK",M,62,10.88,12.63,MV,49,11.19,12.06,-13,0.31,0.31,0.57,-0.57,18.71,,10.8,,"University of Nevada, Las Vegas; Rockhurst University",Mountain West Conference; Great Lakes Valley Conference (GLVC),2023,90,96,84,73
68,"MIZE, Kale","Boys' 18 & under Singles,  Boys' 18 & under Doubles","Tulsa, OK",M,57,10.75,13.93,MV,64,10.75,14.2,7,0,0,0.27,0.27,12.71,l,11.96,,Southern Methodist University; University of Southern Mississippi,Atlantic Coast Conference (ACC); Sun Belt Conference,2024,216,266,104,68
146,"RADKE, Danny","Boys' 18 & under Singles,  Boys' 18 & under Doubles","Saint Charles, MO",M,193,10.26,15.69,MV,203,10.26,15.93,10,0,0,0.24,0.24,20.4,,10.26,,Washington University in St. Louis,University Athletic Association (UAA),2023,103,221,179,123
147,"TETTAMBLE, Gus","Boys' 18 & under Singles,  Boys' 18 & under Doubles","Saint Louis, MO",M,199,11.55,11.45,MV,234,11.42,12.2,35,0.13,-0.13,0.75,0.75,13.96,,12.13,,University of Tulsa,American Athletic Conference (AAC),2022,185,138,86,68
175,"SMITH, Christopher","Boys' 18 & under Singles,  Boys' 18 & under Doubles","Leawood, KS",M,276,10.01,16.02,MV,280,10.02,16.11,4,0.01,0.01,0.09,0.09,16.26,,11.03,,Florida Gulf Coast University,ASUN Conference,2023,405,241,183,147
189,"FARIS, Graham","Boys' 18 & under Singles,  Boys' 18 & under Doubles","Leawood, KS",M,306,10.03,16.49,MV,313,9.98,16.78,7,0.05,-0.05,0.29,0.29,18.08,,11.07,,Washburn University,Mid-America Intercollegiate Athletics Association (MIAA),2023,235,199,201,196
20,"FILIN, Nikita","Boys' 18 & under Singles,  Boys' 18 & under Doubles,  Boys' 16 & under Singles,  Boys' 16 & under Doubles","Wilmette, IL",M,11,12.07,9.68,MW,11,12.06,10.02,0,0.01,-0.01,0.34,0.34,5.98,,13.68,,Ohio State University,Big Ten Conference,2024,2,2,7,6
22,"MILLER, Chad","Boys' 18 & under Singles,  Boys' 18 & under Doubles","Cincinnati, OH",M,37,11.74,9.39,MW,35,11.68,9.86,-2,0.06,-0.06,0.47,0.47,13.79,,12.08,,Northwestern University,Big Ten Conference,2022,86,65,35,47
24,"KAMENEV, Dean","Boys' 18 & under Singles,  Boys' 18 & under Doubles","Hinsdale, IL",M,28,11.75,11.23,MW,40,11.59,11.47,12,0.16,-0.16,0.24,0.24,15.9,,10.99,,Emory University,University Athletic Association (UAA),2022,132,118,61,48
25,"HERNANDEZ, Noah","Boys' 18 & under Singles,  Boys' 18 & under Doubles","Hinsdale, IL",M,27,11.87,9.99,MW,29,11.8,10.5,2,0.07,-0.07,0.51,0.51,12.2,,12.31,,Brown University,Ivy League,2022,46,32,39,33
26,"GODSICK, Nicholas","Boys' 18 & under Singles,  Boys' 18 & under Doubles","Chagrin Falls, OH",M,29,12.74,9.01,MW,20,12.76,9.01,-9,0.02,0.02,0,0,7.41,,13.43,,Stanford University,Atlantic Coast Conference (ACC),2023,11,11,6,6
31,"GOGINENI, Vignesh","Boys' 18 & under Singles,  Boys' 18 & under Doubles","Mason, OH",M,58,12.34,6.84,MW,97,12.19,8.3,39,0.15,-0.15,1.46,1.46,5.53,,13.76,,Yale University,Ivy League,2022,38,28,20,28
38,"CARPICO, Brandon","Boys' 18 & under Singles,  Boys' 18 & under Doubles","Blacklick, OH",M,41,11.51,9.55,MW,53,11.58,9.73,12,0.07,0.07,0.18,0.18,9.99,,12.97,,Ohio State University,Big Ten Conference,2023,108,61,34,24
44,"STEARNS, Preston","Boys' 18 & under Singles,  Boys' 18 & under Doubles","Mason, OH",M,67,12.58,8.67,MW,50,12.39,8.1,-17,0.19,-0.19,0.57,-0.57,7.2,,13.49,,Ohio State University,Big Ten Conference,2022,47,34,19,14
76,"HERDOIZA, Nicholas","Boys' 18 & under Singles,  Boys' 18 & under Doubles","West Bloomfield, MI",M,94,11.66,10.8,MW,107,11.59,11.1,13,0.07,-0.07,0.3,0.3,12.45,,12.33,,Northwestern University; Xavier University,Big Ten Conference; Big East Conference,2023,36,36,47,71
78,"MERCER, AJ","Boys' 18 & under Singles,  Boys' 18 & under Doubles","Huntington, WV",M,79,11.26,11.9,MW,88,11.42,11.89,9,0.16,0.16,0.01,-0.01,16.32,,11.38,,Tulane University,American Athletic Conference (AAC),2024,30,42,39,66
95,"BASAVAREDDY, Nishesh","Boys' 18 & under Singles,  Boys' 18 & under Doubles","Carmel, IN",M,119,13.68,1,MW,134,13.72,1,15,0.04,0.04,0,0,2.62,,14.7,,Stanford University; Professional,Atlantic Coast Conference (ACC); *No conference*,2022,3,2,4,4
107,"MCNALLY, Kyle","Boys' 18 & under Singles,  Boys' 18 & under Doubles","Algonquin, IL",M,131,10.92,13.14,MW,94,10.98,13.03,-37,0.06,0.06,0.11,-0.11,9.26,,13.04,,University of Dayton,Atlantic 10 Conference (A-10),2023,209,144,93,54
116,"VOLKEMA, Simon","Boys' 18 & under Singles,  Boys' 18 & under Doubles","Grand Rapids, MI",M,142,10.7,13.45,MW,148,10.75,13.49,6,0.05,0.05,0.04,0.04,13.73,l,11.29,,Williams College,NESCAC,2022,509,354,256,138
149,"WELLS, Colson","Boys' 18 & under Singles,  Boys' 18 & under Doubles","Okemos, MI",M,196,10.73,13.99,MW,169,10.82,14,-27,0.09,0.09,0.01,0.01,11.86,,12.63,,University of Nebraska,Big Ten Conference,2023,216,141,117,46
158,"BARIS, Ozan","Boys' 18 & under Singles,  Boys' 18 & under Doubles","Okemos, MI",M,209,13.11,1,MW,115,13.29,1,-94,0.18,0.18,0,0,5.83,,13.53,,Michigan State University,Big Ten Conference,2022,10,9,4,5
167,"VERMA, rishi","Boys' 18 & under Singles,  Boys' 18 & under Doubles","Ann Arbor, MI",M,178,10.48,14.18,MW,188,10.52,14.2,10,0.04,0.04,0.02,0.02,16.69,l,11.33,,Swarthmore College,Centennial Conference,2023,148,126,153,130
182,"NELSON, Thomas","Boys' 18 & under Singles,  Boys' 18 & under Doubles","Sleepy Hollow, IL",M,252,11.02,12.71,MW,244,11.17,12.39,-8,0.15,0.15,0.32,-0.32,14.01,,12.44,,Marquette University; Old Dominion University,Big East Conference; Sun Belt Conference,2022,322,225,176,131
184,"SANKARAN RAJENDRA, CHAKOR","Boys' 18 & under Singles,  Boys' 18 & under Doubles","Ann Arbor, MI",M,259,10.67,14.51,MW,264,10.77,14.56,5,0.1,0.1,0.05,0.05,15.57,,11.43,,Johns Hopkins University,Centennial Conference,2023,172,128,144,143
185,"UPPU, Pavan","Boys' 18 & under Singles,  Boys' 18 & under Doubles","Pickerington, OH",M,256,10.87,14.87,MW,186,10.87,14.25,-70,0,0,0.62,-0.62,15.58,,11.51,,University of Nebraska Omaha,Summit League,2024,31,50,96,72
188,"BALTHAZOR, Nicholas","Boys' 18 & under Singles,  Boys' 18 & under Doubles","DE Pere, WI",M,189,10.24,15.3,MW,197,10.24,15.8,8,0,0,0.5,0.5,18.29,,11.23,,Butler University,Big East Conference,2023,253,192,158,157
190,"ALI-KHAN, Mujtaba","Boys' 18 & under Singles,  Boys' 18 & under Doubles","Oak Brook, IL",M,296,11.59,9.82,MW,256,11.84,9.8,-40,0.25,0.25,0.02,-0.02,15.18,,11.28,,Purdue University,Big Ten Conference,2022,72,57,74,26
196,"CHAPPELL, Cole","Boys' 18 & under Singles,  Boys' 18 & under Doubles","Zionsville, IN",M,291,10.57,14.21,MW,298,10.58,14.63,7,0.01,0.01,0.42,0.42,15.46,,11.6,,Cleveland State University,Horizon League,2022,284,230,226,154
220,"SCARLETT, Caden","Boys' 18 & under Singles,  Boys' 18 & under Doubles","Evansville, IN",M,392,10.42,14.56,MW,415,10.48,14.82,23,0.06,0.06,0.26,0.26,18.05,,11.02,,Illinois State University,Summit League (Men) / Missouri Valley Conference (Women),2022,567,497,306,191
99,"PROCHNOW, Justin","Boys' 18 & under Singles,  Boys' 18 & under Doubles","Saint Paul, MN",M,122,10.25,15.45,N,119,10.3,15.28,-3,0.05,0.05,0.17,-0.17,19.36,,10.26,,Case Western Reserve University,University Athletic Association (UAA),2022,534,469,283,200
101,"FULLERTON, Matthew","Boys' 18 & under Singles,  Boys' 18 & under Doubles","Minneapolis, MN",M,124,11.39,11,N,85,11.57,10.8,-39,0.18,0.18,0.2,-0.2,11.21,,12.71,,University of Wisconsin,Big Ten Conference,2023,52,44,52,30
102,"BEDUHN, Collin","Boys' 18 & under Singles,  Boys' 18 & under Doubles","Maple Grove, MN",M,126,11.44,12,N,66,11.5,11.6,-60,0.06,0.06,0.4,-0.4,12.88,,12.29,,University of Wisconsin,Big Ten Conference,2023,85,99,65,68
110,"ADESORO, Ashton","Boys' 18 & under Singles,  Boys' 18 & under Doubles","Saint Paul, MN",M,133,10.35,14.86,N,150,10.46,14.55,17,0.11,0.11,0.31,-0.31,10.35,,12.6,,Western Michigan University,Mid-American Conference (MAC),2023,157,230,107,69
132,"RANGER, Nolan","Boys' 18 & under Singles,  Boys' 18 & under Doubles","Minneapolis, MN",M,168,10.51,15.38,N,136,10.62,15.39,-32,0.11,0.11,0.01,0.01,13.27,m,10.9,,Penn State University,Big Ten Conference,2023,163,215,121,57
9,"QUINN, Ethan","Boys' 18 & under Singles,  Boys' 18 & under Doubles","Fresno, CA",M,6,13.72,1,NC,4,13.75,1,-2,0.03,0.03,0,0,PRO ???,,15.25,,University of Georgia; Professional,Southeastern Conference (SEC); *No conference*,2022,15,10,3,1
18,"TSOI, Dylan","Boys' 18 & under Singles,  Boys' 18 & under Doubles","El Dorado Hills, CA",M,21,12.2,9.98,NC,14,12.23,8.8,-7,0.03,0.03,1.18,-1.18,12.87,,12.46,,Yale University,Ivy League,2023,16,30,22,28
40,"FUCHS, Alex","Boys' 18 & under Singles,  Boys' 18 & under Doubles","Los Altos, CA",M,48,11.67,12.12,NC,22,11.8,11.06,-26,0.13,0.13,1.06,-1.06,12.34,m,12.2,,Ohio State University,Big Ten Conference,2023,96,94,45,34
42,"CHEN, Nicholas","Boys' 18 & under Singles,  Boys' 18 & under Doubles","Oakland, CA",M,55,11.82,9.25,NC,51,11.83,9.01,-4,0.01,0.01,0.24,-0.24,16.57,,11.26,,Williams College,NESCAC,2022,46,50,73,21
53,"CHANG, Alexander","Boys' 18 & under Singles,  Boys' 18 & under Doubles","Berkeley, CA",M,78,12.27,8.31,NC,41,12.33,8.32,-37,0.06,0.06,0.01,0.01,8.2,,13.11,,"University of California, Berkeley; Stanford University",Atlantic Coast Conference (ACC); Atlantic Coast Conference (ACC),2021,50,36,26,30
100,"TRIPATHI, Aadarsh","Boys' 18 & under Singles,  Boys' 18 & under Doubles","Pleasanton, CA",M,155,12.54,7,NC,82,12.67,6.32,-73,0.13,0.13,0.68,-0.68,9.22,,13.01,,"University of California, Los Angeles",Big Ten Conference,2022,48,21,18,16
104,"VAN LOBEN SELS, Emon","Boys' 18 & under Singles,  Boys' 18 & under Doubles","Sacramento, CA",M,137,12.24,6.32,NC,143,12.19,7.8,6,0.05,-0.05,1.48,1.48,7.5,,13.43,,"University of California, Los Angeles",Big Ten Conference,2023,28,9,11,9
118,"AHMAD, Cyrus","Boys' 18 & under Singles,  Boys' 18 & under Doubles","Fremont, CA",M,145,10.64,15.69,NC,161,10.67,15.6,16,0.03,0.03,0.09,-0.09,13.52,,12.01,,Marquette University; Loyola Marymount University,Big East Conference; West Coast Conference (WCC),2023/2024,64,79,124,146
128,"ANTONESCU, Matteo","Boys' 18 & under Singles,  Boys' 18 & under Doubles","Mountain View, CA",M,162,11.34,12.55,NC,112,11.57,11.95,-50,0.23,0.23,0.6,-0.6,14.02,,12.11,,Indiana University,Big Ten Conference,2023/2024,60,57,69,54
152,"HATHALIA, Parth","Boys' 18 & under Singles,  Boys' 18 & under Doubles","Santa Clara, CA",M,242,10.41,16.23,NC,243,10.44,16.47,1,0.03,0.03,0.24,0.24,17.58,l,,,No Tennis,*No conference*,2023,171,141,162,164
162,"MAGNUSSON, Jake","Boys' 18 & under Singles,  Boys' 18 & under Doubles","San Anselmo, CA",M,213,10.08,16.48,NC,223,10.14,17.63,10,0.06,0.06,1.15,1.15,20.32,,10.32,,Lafayette College,Patriot League,2022,347,306,362,251
186,"KATPELLY, Rithvik","Boys' 18 & under Singles,  Boys' 18 & under Doubles","Fremont, CA",M,257,10.57,15.28,NC,261,10.6,15.56,4,0.03,0.03,0.28,0.28,14.54,,11.77,,"University of California, Davis",Big West Conference,2024,45,98,105,95
223,"CHOUDHARY, Shrish","Boys' 18 & under Singles,  Boys' 18 & under Doubles","Fremont, CA",M,280,10.51,15.95,NC,286,10.43,16.37,6,0.08,-0.08,0.42,0.42,17.66,l,10.07,,Massachusetts Institute of Technology,NEWMAC,2023,102,167,166,165
11,"VISSER, Alexander",Boys' 18 & under Singles,"Westport, CT",M,14,12.73,8.01,NE,18,12.6,8,4,0.13,-0.13,0.01,-0.01,8.79,,13.11,,Duke University,Atlantic Coast Conference (ACC),2023,6,9,5,10
72,"KUZMENOK, Petro","Boys' 18 & under Singles,  Boys' 18 & under Doubles","Fairfield, CT",M,90,11.36,11.42,NE,59,11.55,10.93,-31,0.19,0.19,0.49,-0.49,7.69,,13.3,,Rice University,American Athletic Conference (AAC),2023,84,69,47,21
154,"LORENZETTI, James","Boys' 18 & under Singles,  Boys' 18 & under Doubles","Milford, CT",M,202,10.43,14.73,NE,149,10.5,14.69,-53,0.07,0.07,0.04,-0.04,15.57,,11.85,,Quinnipiac University; Stetson University,Metro Atlantic Athletic Conference (MAAC); ASUN Conference,2023,389,155,123,167
194,"MCDONALD, Davis","Boys' 18 & under Singles,  Boys' 18 & under Doubles","Westport, CT",M,285,10.16,16.3,NE,278,10.09,17.24,-7,0.07,-0.07,0.94,0.94,17.67,,11.13,,Boston College; United States Military Academy,Atlantic Coast Conference (ACC); Patriot League,2023,196,169,145,125
199,"COOPER, Robert","Boys' 18 & under Singles,  Boys' 18 & under Doubles","Cambridge, MA",M,281,10.26,15.4,NE,287,10.2,15.55,6,0.06,-0.06,0.15,0.15,18.79,,11.03,,Williams College,NESCAC,2023,130,136,141,171
165,"BINDER, Tannor","Boys' 18 & under Singles,  Boys' 18 & under Doubles","Beaverton, OR",M,207,10.41,15.49,PNW,218,10.45,15.43,11,0.04,0.04,0.06,-0.06,15.89,m,11.74,,University of Portland,West Coast Conference (WCC),2023,276,197,133,62
171,"BINU, Madhav","Boys' 18 & under Singles,  Boys' 16 & under Singles","Renton, WA",M,191,10.36,15.68,PNW,199,10.45,14.41,8,0.09,0.09,1.27,-1.27,13.51,,12.55,,High School Student,*No conference*,2026,10,17,15,15
219,"GRESCHNER, Matthew","Boys' 18 & under Singles,  Boys' 18 & under Doubles","Corvallis, OR",M,265,10.35,17.28,PNW,332,10.35,17.42,67,0,0,0.14,0.14,14.84,,11.53,,Boston College,Atlantic Coast Conference (ACC),2023,438,262,217,203
6,"SARR, Jelani","Boys' 18 & under Singles,  Boys' 18 & under Doubles","Pooler, GA",M,2,12.82,6.75,S,3,12.76,6.99,1,0.06,-0.06,0.24,0.24,9.15,,12.87,,University of South Carolina; Arizona State University,Southeastern Conference (SEC); Big Ten Conference,2023,18,14,9,9
16,"HENG, Nicholas","Boys' 18 & under Singles,  Boys' 18 & under Doubles","Madison, AL",M,15,12.92,5.81,S,9,12.93,5.9,-6,0.01,0.01,0.09,0.09,7.57,,13.27,,Auburn University,Southeastern Conference (SEC),2022,11,17,15,14
27,"FERRER GUIMARAES, Roberto","Boys' 18 & under Singles,  Boys' 18 & under Doubles","Lakeland, TN",M,30,11.64,10.69,S,32,11.59,10.6,2,0.05,-0.05,0.09,-0.09,10.14,,12.87,,Mississippi State University,Southeastern Conference (SEC),2023,97,52,34,34
43,"GARCIA, Jose","Boys' 18 & under Singles,  Boys' 18 & under Doubles","Knoxville, TN",M,47,12.13,8.34,S,58,12.07,9.06,11,0.06,-0.06,0.72,0.72,8.31,,13.27,,University of Tennessee,Southeastern Conference (SEC),2024,17,6,4,2
47,"BAUER, Robert","Boys' 18 & under Singles,  Boys' 18 & under Doubles","Suwanee, GA",M,64,11.6,10.29,S,75,11.47,11.34,11,0.13,-0.13,1.05,1.05,13.32,,11.59,,Georgia Institute of Technology,Atlantic Coast Conference (ACC),2022,74,55,51,56
50,"AVRAM, Gabe","Boys' 18 & under Singles,  Boys' 18 & under Doubles","Charlotte, NC",M,50,11.74,10.57,S,57,11.86,10.13,7,0.12,0.12,0.44,-0.44,10.15,,12.83,,University of South Carolina,Southeastern Conference (SEC),2024,45,11,12,1
56,"SAYE, David","Boys' 18 & under Singles,  Boys' 18 & under Doubles","Charlotte, NC",M,83,12.14,8.74,S,98,12.13,8.94,15,0.01,-0.01,0.2,0.2,10.87,,12.55,,Michigan State University,Big Ten Conference,2022,34,49,29,26
59,"TRONDSON, Hank","Boys' 18 & under Singles,  Boys' 18 & under Doubles","Nashville, TN",M,73,11.71,10.83,S,47,11.98,10.7,-26,0.27,0.27,0.13,-0.13,10.19,,12.99,,University of Oklahoma,Southeastern Conference (SEC),2023,94,82,21,19
60,"ROBINSON, Chase","Boys' 18 & under Singles,  Boys' 18 & under Doubles","Mount Pleasant, SC",M,102,11.76,10.09,S,96,11.83,10.02,-6,0.07,0.07,0.07,-0.07,12.79,,12.31,,Liberty University,Conference USA (CUSA),2023,25,29,31,31
62,"BAKER, Carson","Boys' 18 & under Singles,  Boys' 18 & under Doubles","Mount Pleasant, SC",M,82,11.61,11.21,S,92,11.56,11.5,10,0.05,-0.05,0.29,0.29,11.19,,12.64,,University of Mississippi; Boise State University,Southeastern Conference (SEC); Mountain West Conference,2023,39,35,38,36
64,"PRITCHARD, Paxton","Boys' 18 & under Singles,  Boys' 18 & under Doubles","Asheville, NC",M,74,11.31,11.75,S,73,11.27,12.44,-1,0.04,-0.04,0.69,0.69,13.91,,11.74,,University of Richmond,Atlantic 10 Conference (A-10),2023,80,75,70,66
69,"SACHDEV, Rahul","Boys' 18 & under Singles,  Boys' 18 & under Doubles","Cary, NC",M,72,11.66,10.83,S,79,11.67,11.2,7,0.01,0.01,0.37,0.37,13.34,m,11.63,,University of Texas at Austin,Southeastern Conference (SEC),2023,133,61,49,45
75,"FRITZINGER, Alec","Boys' 18 & under Singles,  Boys' 18 & under Doubles","Goldsboro, NC",M,93,11.35,11.2,S,104,11.35,11.6,11,0,0,0.4,0.4,14.14,,11.97,,United States Air Force Academy,Mountain West Conference,2023,89,82,67,68
82,"KIM, Aidan","Boys' 18 & under Singles,  Boys' 18 & under Doubles","Milford, MI",M,103,13.05,6.96,S,48,13.2,5.74,-55,0.15,0.15,1.22,-1.22,5.31,,13.74,,University of Florida; Ohio State University,Southeastern Conference (SEC); Big Ten Conference,2023,1,3,4,2
85,"TAYLOR, Davis","Boys' 18 & under Singles,  Boys' 18 & under Doubles","Brookhaven, GA",M,109,11.42,10.19,S,126,11.38,10.2,17,0.04,-0.04,0.01,0.01,15.56,,11.68,,University of Georgia; Georgia Southern University,Southeastern Conference (SEC); Sun Belt Conference,2023,17,27,43,57
89,"MANGIAPANE, Nicholas","Boys' 18 & under Singles,  Boys' 18 & under Doubles","Davidson, NC",M,108,11.45,11.68,S,125,11.4,11.91,17,0.05,-0.05,0.23,0.23,12.78,,12.47,,University of North Carolina,Atlantic Coast Conference (ACC),2024,18,20,19,23
96,"LANDRY, William","Boys' 18 & under Singles,  Boys' 18 & under Doubles","Pinehurst, NC",M,121,10.77,14.67,S,99,10.95,14.22,-22,0.18,0.18,0.45,-0.45,13.91,,11.85,,Mississippi State University,Southeastern Conference (SEC),2023,264,227,111,92
117,"LAMB, Jaxon","Boys' 18 & under Singles,  Boys' 18 & under Doubles","Greeneville, TN",M,143,10.93,12.95,S,160,11,13.02,17,0.07,0.07,0.07,0.07,17.21,,11.35,,University of Tennessee at Chattanooga,Southern Conference (SoCon),2023,37,46,104,111
120,"KENNEDY, Thomas","Boys' 18 & under Singles,  Boys' 18 & under Doubles","Atlanta, GA",M,161,11.62,9.13,S,154,11.61,9.5,-7,0.01,-0.01,0.37,0.37,12.45,,12.12,,Furman University; Auburn University,Southern Conference (SoCon); Southeastern Conference (SEC),2022,72,60,54,66
136,"MANNING, William","Boys' 18 & under Singles,  Boys' 18 & under Doubles","Raleigh, NC",M,172,11.26,12.47,S,181,11.32,12.69,9,0.06,0.06,0.22,0.22,8.6,,13.27,,North Carolina State University,Atlantic Coast Conference (ACC),2024,43,49,21,8
139,"HOLCOMB, Kaustubh","Boys' 18 & under Singles,  Boys' 18 & under Doubles","Huntsville, AL",M,166,11.1,11.97,S,177,11.04,12.73,11,0.06,-0.06,0.76,0.76,19.61,,10.56,,University of Alabama at Birmingham,American Athletic Conference (AAC),2022,121,83,84,105
143,"ANAND, Kush","Boys' 18 & under Singles,  Boys' 18 & under Doubles","Fort Wayne, IN",M,183,11.05,12.62,S,191,11.06,12.94,8,0.01,0.01,0.32,0.32,18.37,,10.79,,Williams College; Villanova University,NESCAC; Big East Conference,2023,92,134,86,77
150,"PATE, Carter","Boys' 18 & under Singles,  Boys' 18 & under Doubles","Daniel Island, SC",M,186,11.26,12.54,S,192,11.29,12.3,6,0.03,0.03,0.24,-0.24,8.99,,13.03,,Northwestern University,Big Ten Conference,2024,56,34,18,37
157,"MCDONALD, Noah","Boys' 18 & under Singles,  Boys' 18 & under Doubles","Charlotte, NC",M,206,11.23,11.97,S,215,11.21,12.36,9,0.02,-0.02,0.39,0.39,10.69,,12.62,,Southern Methodist University,Atlantic Coast Conference (ACC),2024,40,31,66,46
161,"CARR, Ethan","Boys' 18 & under Singles,  Boys' 18 & under Doubles","Hoover, AL",M,211,10.77,14.36,S,222,10.77,14.7,11,0,0,0.34,0.34,16.32,,11.34,,University of Tennessee at Chattanooga; Villanova University,Southern Conference (SoCon); Big East Conference,2023,182,208,136,114
169,"COX, Nathan","Boys' 18 & under Singles,  Boys' 18 & under Doubles","Lake Charles, LA",M,395,12.58,8.93,S,493,12.57,9.55,98,0.01,-0.01,0.62,0.62,8.33,,13.21,,Vanderbilt University,Southeastern Conference (SEC),2022,29,20,14,18
183,"YOUNG, Jake","Boys' 18 & under Singles,  Boys' 18 & under Doubles","Hilton Head Island, SC",M,244,11.01,13.28,S,250,11.06,13.2,6,0.05,0.05,0.08,-0.08,14.37,,11.53,,United States Naval Academy,Patriot League,2023,68,76,82,53
192,"MARIENCHECK, Parker","Boys' 18 & under Singles,  Boys' 18 & under Doubles","Raleigh, NC",M,268,10.72,14.04,S,229,10.78,13.69,-39,0.06,0.06,0.35,-0.35,14.86,,11.74,,University of Georgia; Wofford College,Southeastern Conference (SEC); Southern Conference (SoCon),2023,177,157,113,93
195,"STEFFEN, Lukas","Boys' 18 & under Singles,  Boys' 18 & under Doubles","Cary, NC",M,318,11.93,10.3,S,327,11.93,10.66,9,0,0,0.36,0.36,9.03,,12.89,,Campbell University; University of North Carolina Wilmington,Coastal Athletic Association (CAA); Coastal Athletic Association (CAA),2022,97,91,87,30
197,"VALENTINE, Walker","Boys' 18 & under Singles,  Boys' 18 & under Doubles","Mooresville, NC",M,300,11.05,12.63,S,307,11.04,12.9,7,0.01,-0.01,0.27,0.27,17.23,,11.8,,University of Tennessee; University of North Dakota,Southeastern Conference (SEC); Summit League,2023,81,75,102,109
205,"STEPHENSON, Eli","Boys' 18 & under Singles,  Boys' 18 & under Doubles","Louisville, KY",M,266,12.49,9.81,S,228,12.44,9.61,-38,0.05,-0.05,0.2,-0.2,6.49,,13.58,,University of Kentucky,Southeastern Conference (SEC),2023,35,22,18,14
206,"PHILLIPS, Joseph","Boys' 18 & under Singles,  Boys' 18 & under Doubles","Alpharetta, GA",M,407,12.03,12.73,S,325,11.97,12.96,-82,0.06,-0.06,0.23,0.23,10.55,,12.52,,Auburn University,Southeastern Conference (SEC),2024,1,3,9,9
212,"SHICK, Braden","Boys' 18 & under Singles,  Boys' 18 & under Doubles","Greensboro, NC",M,448,13.04,6.68,S,381,13.11,4.77,-67,0.07,0.07,1.91,-1.91,PRO  ???,,13.89,,North Carolina State University; Professional,Atlantic Coast Conference (ACC); *No conference*,2021,14,10,4,7
1,"TIEN, learner","Boys' 18 & under Singles,  Boys' 18 & under Doubles","Irvine, CA",M,3,13.75,1,SC,1,13.79,1,-2,0.04,0.04,0,0,PRO  ???,,15.45,,University of Southern California; Professional,Big Ten Conference; *No conference*,2023,13,7,1,1
7,"MICHELSEN, Alex","Boys' 18 & under Singles,  Boys' 18 & under Doubles","Aliso Viejo, CA",M,12,13.82,4.38,SC,7,13.78,4.2,-5,0.04,-0.04,0.18,-0.18,PRO  ???,,15.42,,Professional,*No conference*,2023,12,3,1,1
10,"KANG, Kyle","Boys' 18 & under Singles,  Boys' 18 & under Doubles","Fullerton, CA",M,7,13.52,1,SC,19,13.49,1,12,0.03,-0.03,0,0,4.46,,13.79,,Stanford University,Atlantic Coast Conference (ACC),2023,2,2,1,2
65,"NGUYEN, Andy","Boys' 18 & under Singles,  Boys' 18 & under Doubles","Long Beach, CA",M,84,11.65,11.61,SC,71,11.73,10.62,-13,0.08,0.08,0.99,-0.99,9.52,,13.01,,"University of California, Irvine; University of California, Los Angeles",Big West Conference; Big Ten Conference,2023,27,28,26,11
77,"LEE, Carson","Boys' 18 & under Singles,  Boys' 18 & under Doubles","Fullerton, CA",M,110,11.72,10.56,SC,120,11.69,11.22,10,0.03,-0.03,0.66,0.66,11.19,,12.45,,"University of California, San Diego; University of California, Santa Barbara",Big West Conference; Big West Conference,2023,105,53,43,60
92,"JI, Zhengqing","Boys' 18 & under Singles,  Boys' 18 & under Doubles","LA Jolla, CA",M,115,11.93,10.98,SC,81,11.99,11,-34,0.06,0.06,0.02,0.02,12.02,,12.56,,Yale University,Ivy League,2023,78,36,25,11
97,"TALLAKSON, Avery","Boys' 18 & under Singles,  Boys' 18 & under Doubles","Irvine, CA",M,134,11.27,13.47,SC,127,11.12,14.17,-7,0.15,-0.15,0.7,0.7,9.85,,12.82,,University of New Mexico; Boise State University,Mountain West Conference; Mountain West Conference,2023,139,114,117,70
98,"BHARADWAJ, Parashar","Boys' 18 & under Singles,  Boys' 18 & under Doubles","Irvine, CA",M,92,11.87,11.31,SC,103,11.86,11.37,11,0.01,-0.01,0.06,0.06,12.07,,12.29,,University of Pennsylvania,Ivy League,2023,71,56,34,39
111,"MAZEV, Martin","Boys' 18 & under Singles,  Boys' 18 & under Doubles","Yorba Linda, CA",M,136,11.77,11.28,SC,131,11.72,11.2,-5,0.05,-0.05,0.08,-0.08,13.56,,11.74,,Wake Forest University; University of North Carolina Wilmington,Atlantic Coast Conference (ACC); Coastal Athletic Association (CAA),2023,18,23,32,54
138,"THOMPSON, Chase","Boys' 18 & under Singles,  Boys' 18 & under Doubles","Mission Viejo, CA",M,176,12.69,7.92,SC,212,12.7,7.6,36,0.01,0.01,0.32,-0.32,10.07,,12.68,,University of Notre Dame,Atlantic Coast Conference (ACC),2023,23,13,4,7
140,"SCHIFFMAN, Ethan","Boys' 18 & under Singles,  Boys' 18 & under Doubles","Rancho Santa Fe, CA",M,231,12.09,9.87,SC,153,12.02,10.09,-78,0.07,-0.07,0.22,0.22,10.92,,12.68,,"University of California, Berkeley; Northwestern University",Atlantic Coast Conference (ACC); Big Ten Conference,2023,15,21,24,28
173,"PERERA, Masato","Boys' 18 & under Singles,  Boys' 18 & under Doubles","Santa Barbara, CA",M,287,12.16,6.71,SC,70,12.27,6.7,-217,0.11,0.11,0.01,-0.01,10.25,,12.66,,Harvard University,Ivy League,2022,29,23,13,13
181,"KELLEY, Kane","Boys' 18 & under Singles,  Boys' 18 & under Doubles","Chatsworth, CA",M,250,11.17,13.39,SC,249,11.15,13.4,-1,0.02,-0.02,0.01,0.01,15.45,l,10.96,,University of Chicago,University Athletic Association (UAA),2023,43,40,69,105
187,"HARRISON, Rex","Boys' 18 & under Singles,  Boys' 18 & under Doubles","LA Jolla, CA",M,246,10.71,16.69,SC,245,10.64,17.23,-1,0.07,-0.07,0.54,0.54,17.34,,11.18,,Amherst College,NESCAC,2023,422,150,139,153
191,"MACDONALD, Tai","Boys' 18 & under Singles,  Boys' 18 & under Doubles","San Diego, CA",M,273,10.19,15.91,SC,297,10.19,15.92,24,0,0,0.01,0.01,19.96,,10.24,,Wesleyan University,NESCAC,2022,220,305,204,189
201,"FERGUSON, Sean","Boys' 18 & under Singles,  Boys' 18 & under Doubles","Rancho Palos Verdes, CA",M,338,11.21,13.65,SC,335,11.22,13.53,-3,0.01,0.01,0.12,-0.12,14.56,,12.01,,California Polytechnic State University,Big West Conference,2023,215,136,85,66
203,"RIVERA, Hudson","Boys' 18 & under Singles,  Boys' 18 & under Doubles","Rancho Santa Fe, CA",M,571,12.87,1,SC,293,12.96,1,-278,0.09,0.09,0,0,7.7,,13.36,,Stanford University,Atlantic Coast Conference (ACC),2023,7,7,12,4
207,"CHARLAP, Dylan","Boys' 18 & under Singles,  Boys' 18 & under Doubles","Palos Verdes Estates, CA",M,2122,11.62,11.63,SC,1919,11.53,11.7,-203,0.09,-0.09,0.07,0.07,14.16,,12.02,,Vanderbilt University; Northwestern University,Southeastern Conference (SEC); Big Ten Conference,2024,4,11,23,27
208,"MURALI, Rohan","Boys' 18 & under Singles,  Boys' 18 & under Doubles","San Diego, CA",M,869,12.58,8.02,SC,693,12.52,8.02,-176,0.06,-0.06,0,0,7.53,,13.36,,Harvard University,Ivy League,2023,,,,
209,"NAKASHIMA, bryce","Boys' 18 & under Singles,  Boys' 18 & under Doubles","San Diego, CA",M,181,13.12,1,SC,236,13.13,1,55,0.01,0.01,0,0,8.28,,13.36,,Ohio State University,Big Ten Conference,2023,25,21,9,13
216,"SAVKIN, Ivan","Boys' 18 & under Singles,  Boys' 18 & under Doubles","Carlsbad, CA",M,322,10.83,13.78,SC,319,10.79,14.2,-3,0.04,-0.04,0.42,0.42,10.88,,12.5,,"University of California, Davis",Big West Conference,2023,47,48,109,101
17,"CASEY, Greyson","Boys' 18 & under Singles,  Boys' 18 & under Doubles","Tucson, AZ",M,20,11.95,9.96,SW,21,11.96,10.19,1,0.01,0.01,0.23,0.23,10.82,,12.59,,Northwestern University,Big Ten Conference,2023,48,31,38,45
46,"ELISCU, Aaron","Boys' 18 & under Singles,  Boys' 18 & under Doubles","Tucson, AZ",M,66,11.4,12.19,SW,77,11.33,12.2,11,0.07,-0.07,0.01,0.01,12.29,,12.32,,California Polytechnic State University,Big West Conference,2022,54,36,52,74
51,"BOSIN, Philip","Boys' 18 & under Singles,  Boys' 18 & under Doubles","Albuquerque, NM",M,70,11.03,12.58,SW,93,10.94,13.65,23,0.09,-0.09,1.07,1.07,12.44,,12.3,,University of New Mexico,Mountain West Conference,2023,200,129,124,98
73,"URLAUB, Lance","Boys' 18 & under Singles,  Boys' 18 & under Doubles","Phoenix, AZ",M,91,11.29,11.95,SW,101,11.26,12.17,10,0.03,-0.03,0.22,0.22,14.83,,11.69,,Northern Arizona University; New Mexico State University,Big Sky Conference; Conference USA (CUSA),2023,214,103,69,81
127,"LOOP, Hayze","Boys' 18 & under Singles,  Boys' 18 & under Doubles","Tucson, AZ",M,167,10.56,14.88,SW,178,10.56,15,11,0,0,0.12,0.12,16.78,,10.88,,Barry University,Sunshine State Conference (SSC),2023,100,123,154,133
155,"COHEN, Grant","Boys' 18 & under Singles,  Boys' 18 & under Doubles","Tucson, AZ",M,203,10.41,15.73,SW,213,10.32,16.4,10,0.09,-0.09,0.67,0.67,18.04,,11.08,,University of Richmond,Atlantic 10 Conference (A-10),2023,482,253,187,174
177,"PERRY, Jared","Boys' 18 & under Singles,  Boys' 18 & under Doubles","Tucson, AZ",M,239,10.41,15.1,SW,238,10.42,15.6,-1,0.01,0.01,0.5,0.5,15.55,,11.26,,Trinity University,Southern Collegiate Athletic Conference (SCAC),2023,252,126,124,144
2,"BROWN, Lucas","Boys' 18 & under Singles,  Boys' 18 & under Doubles","Plano, TX",M,1,12.89,7.41,T,2,12.91,6.8,1,0.02,0.02,0.61,-0.61,7.66,,13.45,,University of Texas at Austin,Southeastern Conference (SEC),2023,1,2,6,5
5,"GORZNY, Sebastian","Boys' 18 & under Singles,  Boys' 18 & under Doubles","Leander, TX",M,5,13.5,4.37,T,8,13.44,4.96,3,0.06,-0.06,0.59,0.59,3.89,,14.03,,Texas Christian University; University of Texas at Austin,Big 12 Conference; Southeastern Conference (SEC),2022,14,15,5,3
8,"ARDILA, Landon","Boys' 18 & under Singles,  Boys' 18 & under Doubles","Dallas, TX",M,4,12.67,7.41,T,6,12.66,7.3,2,0.01,-0.01,0.11,-0.11,7.94,,13.32,,Princeton University,Ivy League,2023,7,7,5,6
12,"SMILLIE, Connor","Boys' 18 & under Singles,  Boys' 18 & under Doubles","Austin, TX",M,8,11.7,10.24,T,12,11.75,10.54,4,0.05,0.05,0.3,0.3,11.84,,12.32,,University of Arkansas,Southeastern Conference (SEC),2023,39,44,37,45
13,"KAPASI, Kabeer","Boys' 18 & under Singles,  Boys' 18 & under Doubles","Houston, TX",M,13,11.84,9.65,T,13,11.76,10.62,0,0.08,-0.08,0.97,0.97,11.47,,12.4,,Rice University,American Athletic Conference (AAC),2022,161,78,50,41
14,"LOTHRINGER, Grant","Boys' 18 & under Singles,  Boys' 18 & under Doubles","Conroe, TX",M,16,12.17,10.23,T,17,12.13,10.77,1,0.04,-0.04,0.54,0.54,11.56,m,ur(12.15)  ?????,,Texas A&M University,Southeastern Conference (SEC),2022,28,43,34,36
15,"MESAROVIC, Marko","Boys' 18 & under Singles,  Boys' 18 & under Doubles","Austin, TX",M,10,12.04,9.52,T,10,12.11,9.3,0,0.07,0.07,0.22,-0.22,9.4,,12.95,,Clemson University,Atlantic Coast Conference (ACC),2023,14,22,14,12
28,"PATIL, Ritesh","Boys' 18 & under Singles,  Boys' 18 & under Doubles","Houston, TX",M,19,12.14,8.77,T,26,12.16,8.7,7,0.02,0.02,0.07,-0.07,10.42,,12.74,,Texas A&M University,Southeastern Conference (SEC),2023,13,10,15,10
32,"ARTS, Nicolas","Boys' 18 & under Singles,  Boys' 18 & under Doubles","Frisco, TX",M,36,11.49,11.11,T,44,11.5,11.22,8,0.01,0.01,0.11,0.11,15.03,,11.65,,Butler University,Big East Conference,2022,107,91,88,71
33,"RAZEGHI, Alexander","Boys' 18 & under Singles,  Boys' 18 & under Doubles,  Boys' 16 & under Singles,  Boys' 16 & under Doubles","Humble, TX",M,60,12.65,7.67,T,68,12.7,7.47,8,0.05,0.05,0.2,-0.2,5.65,,13.64,,Stanford University,Atlantic Coast Conference (ACC),2024,1,1,1,2
37,"BOLAND, Brendan","Boys' 18 & under Singles,  Boys' 18 & under Doubles","Mc Gregor, TX",M,46,11.37,10.26,T,56,11.36,11.12,10,0.01,-0.01,0.86,0.86,11.38,,12.32,,University of Arkansas,Southeastern Conference (SEC),2024,34,24,22,55
39,"BAROT, Meethre","Boys' 18 & under Singles,  Boys' 18 & under Doubles","Frisco, TX",M,51,11.27,12.69,T,54,11.23,12.7,3,0.04,-0.04,0.01,0.01,14.02,l,11.9,,University of Texas at Arlington; Southern Methodist University,Western Athletic Conference (WAC); Atlantic Coast Conference (ACC),2024,73,47,37,117
55,"GONZALEZ, Christian","Boys' 18 & under Singles,  Boys' 18 & under Doubles","Burleson, TX",M,69,11.45,10.79,T,80,11.34,11,11,0.11,-0.11,0.21,0.21,13.6,m,10.99,,Xavier University,Big East Conference,2023,29,42,59,56
86,"MORASH, Jackson","Boys' 18 & under Singles,  Boys' 18 & under Doubles","Dallas, TX",M,111,10.88,13.38,T,137,11,12.7,26,0.12,0.12,0.68,-0.68,18.72,,10.78,,Lehigh University,Patriot League,2022,409,143,124,117
94,"TOTORICA, Kyle","Boys' 18 & under Singles,  Boys' 18 & under Doubles","San Antonio, TX",M,118,11.61,10.37,T,132,11.53,10.82,14,0.08,-0.08,0.45,0.45,17.19,,11.16,,Xavier University,Big East Conference,2022,37,34,35,63
105,"SKROBARCEK, Lathan","Boys' 18 & under Singles,  Boys' 18 & under Doubles","Helotes, TX",M,123,11.19,13.23,T,140,11.27,12.63,17,0.08,0.08,0.6,-0.6,13.45,l,12.95,,Texas A&M University,Southeastern Conference (SEC),2023,307,123,101,56
108,"SCRIBNER, Ethan","Boys' 18 & under Singles,  Boys' 18 & under Doubles","Plano, TX",M,128,10.65,14.02,T,142,10.65,14.64,14,0,0,0.62,0.62,16.25,,11.41,,Abilene Christian University,Western Athletic Conference (WAC),2022,302,238,151,135
112,"THOMAS, Deacon","Boys' 18 & under Singles,  Boys' 18 & under Doubles","Houston, TX",M,132,11.41,10.85,T,147,11.45,11.11,15,0.04,0.04,0.26,0.26,12.96,,12.44,,Xavier University; Indiana University,Big East Conference; Big Ten Conference,2022,120,84,66,71
114,"KONAKANCHI, Rahulniket","Boys' 18 & under Singles,  Boys' 18 & under Doubles","Plano, TX",M,139,11.14,12.9,T,110,11.18,12.4,-29,0.04,0.04,0.5,-0.5,15.12,,11.55,,Butler University,Big East Conference,2022,167,148,137,121
122,"INGRAM, Jack","Boys' 18 & under Singles,  Boys' 18 & under Doubles","Austin, TX",M,148,10.92,12.69,T,159,10.96,13.1,11,0.04,0.04,0.41,0.41,16.94,m,10.96,,Vanderbilt University,Southeastern Conference (SEC),2024,111,68,82,77
123,"COCKRELL, James","Boys' 18 & under Singles,  Boys' 18 & under Doubles","Austin, TX",M,149,10.89,12.53,T,163,10.77,14.14,14,0.12,-0.12,1.61,1.61,17.84,l,ur ????,,Boston College,Atlantic Coast Conference (ACC),2022,70,99,115,106
153,"LAMA, Siddhartha","Boys' 18 & under Singles,  Boys' 18 & under Doubles","Argyle, TX",M,201,10.63,14.97,T,211,10.65,15.12,10,0.02,0.02,0.15,0.15,15.74,,11.54,,Butler University,Big East Conference,2023,181,139,136,142
159,"FRUSINA, Alexander","Boys' 18 & under Singles,  Boys' 18 & under Doubles","Conroe, TX",M,223,12.73,7.71,T,193,12.78,7.91,-30,0.05,0.05,0.2,0.2,7.25,,13.42,,Texas A&M University,Southeastern Conference (SEC),2024,3,1,2,2
178,"HORRICKS, Easton","Boys' 18 & under Singles,  Boys' 18 & under Doubles","Spring, TX",M,240,10.43,14.92,T,240,10.42,15.3,0,0.01,-0.01,0.38,0.38,20.28,l,????,,Pickleball,*No conference*,2024,39,104,159,209
179,"SINGH, Arnesh","Boys' 18 & under Singles,  Boys' 18 & under Doubles","Plano, TX",M,241,11.13,13.69,T,241,11.08,14,0,0.05,-0.05,0.31,0.31,18.31,m,10.57,,Butler University,Big East Conference,2023,114,106,87,99
213,"GERSHON, Ted","Boys' 18 & under Singles,  Boys' 18 & under Doubles","Austin, TX",M,251,10.15,16.53,T,274,10.16,16.76,23,0.01,0.01,0.23,0.23,20.66,m,9.29,,Carnegie Mellon University,University Athletic Association (UAA),2023,291,205,204,193
214,"REDDY, Anirudh","Boys' 18 & under Singles,  Boys' 18 & under Doubles","Plano, TX",M,198,10.69,13.75,T,198,10.82,13.43,0,0.13,0.13,0.32,-0.32,17.28,,10.53,,Claremont-Mudd-Scripps,SCIAC,2023,197,147,112,82
218,"HAYWARD, Andrew","Boys' 18 & under Singles,  Boys' 18 & under Doubles","Spring Branch, TX",M,260,10.4,15.04,T,265,10.42,15.18,5,0.02,0.02,0.14,0.14,14.64,,11.48,,Ball State University,Mid-American Conference (MAC),2023,237,207,182,156